{
  "volume": 1,
  "page_index": 210,
  "pdf_page": 211,
  "lines": [
    {
      "text": "信",
      "box": [
        266,
        409,
        343,
        450
      ],
      "score": 0.06580506265163422
    },
    {
      "text": "H. PISAN",
      "box": [
        734,
        1141,
        823,
        1167
      ],
      "score": 0.939586877822876
    },
    {
      "text": "MOYSÉS DESCIENDE DEL MONTE SINAÍ",
      "box": [
        262,
        1220,
        571,
        1249
      ],
      "score": 0.9991289377212524
    }
  ]
}