{
  "volume": 1,
  "page_index": 307,
  "pdf_page": 308,
  "lines": [
    {
      "text": "江",
      "box": [
        423,
        10,
        543,
        92
      ],
      "score": 0.2445673644542694
    },
    {
      "text": "",
      "box": [
        142,
        97,
        414,
        363
      ],
      "score": 0.0
    },
    {
      "text": "福",
      "box": [
        0,
        239,
        129,
        477
      ],
      "score": 0.3576987385749817
    },
    {
      "text": "福",
      "box": [
        162,
        493,
        313,
        666
      ],
      "score": 0.3168436884880066
    }
  ]
}