{
  "volume": 1,
  "page_index": 88,
  "pdf_page": 89,
  "lines": [
    {
      "text": "S=Pon'g",
      "box": [
        0,
        1061,
        89,
        1104
      ],
      "score": 0.6708807349205017
    },
    {
      "text": "H.PISAN",
      "box": [
        714,
        1080,
        800,
        1109
      ],
      "score": 0.9355546832084656
    },
    {
      "text": "FUGA DE LOT",
      "box": [
        341,
        1148,
        450,
        1172
      ],
      "score": 0.9849353432655334
    }
  ]
}