{
  "volume": 1,
  "page_index": 142,
  "pdf_page": 143,
  "lines": [
    {
      "text": "SDorg",
      "box": [
        105,
        1099,
        198,
        1131
      ],
      "score": 0.7051623463630676
    },
    {
      "text": "JACOB EN CASA DE LABAN",
      "box": [
        386,
        1168,
        593,
        1182
      ],
      "score": 0.9996896386146545
    }
  ]
}