{
  "volume": 1,
  "page_index": 286,
  "pdf_page": 287,
  "lines": [
    {
      "text": "bp",
      "box": [
        122,
        1154,
        156,
        1169
      ],
      "score": 0.7952883243560791
    },
    {
      "text": "PANNEMAKER-DOMS.f",
      "box": [
        729,
        1154,
        878,
        1174
      ],
      "score": 0.8999251127243042
    },
    {
      "text": "LA HIJA DE JEPHTÉ SALE AL ENCUENTRO DE SU PADRE",
      "box": [
        240,
        1197,
        699,
        1234
      ],
      "score": 0.9997607469558716
    }
  ]
}