{
  "volume": 1,
  "page_index": 112,
  "pdf_page": 113,
  "lines": [
    {
      "text": "SDans",
      "box": [
        18,
        1088,
        112,
        1131
      ],
      "score": 0.6235368251800537
    },
    {
      "text": "H. PISAN.",
      "box": [
        780,
        1084,
        865,
        1110
      ],
      "score": 0.9374971389770508
    },
    {
      "text": "ABRAHAM ENTIERRA Á SARA",
      "box": [
        323,
        1150,
        568,
        1180
      ],
      "score": 0.9880930185317993
    }
  ]
}