{
  "volume": 1,
  "page_index": 206,
  "pdf_page": 207,
  "lines": [
    {
      "text": "gbor's",
      "box": [
        87,
        829,
        187,
        860
      ],
      "score": 0.7400336265563965
    },
    {
      "text": "WLN",
      "box": [
        1014,
        832,
        1186,
        853
      ],
      "score": 0.5765110850334167
    }
  ]
}