{
  "volume": 1,
  "page_index": 76,
  "pdf_page": 77,
  "lines": [
    {
      "text": "PISAN",
      "box": [
        120,
        9,
        188,
        39
      ],
      "score": 0.9904168844223022
    },
    {
      "text": "H.F.",
      "box": [
        180,
        10,
        221,
        33
      ],
      "score": 0.7735797762870789
    },
    {
      "text": "SX023",
      "box": [
        1175,
        30,
        1289,
        76
      ],
      "score": 0.4610597491264343
    }
  ]
}