{
  "volume": 1,
  "page_index": 194,
  "pdf_page": 195,
  "lines": [
    {
      "text": "—5.D0s",
      "box": [
        90,
        1114,
        184,
        1154
      ],
      "score": 0.6267694234848022
    },
    {
      "text": "H. PISAN.",
      "box": [
        794,
        1145,
        867,
        1167
      ],
      "score": 0.9396279454231262
    },
    {
      "text": "MUERTE DE LOS PRIMOGÉNITOS EN EGYPTO",
      "box": [
        308,
        1188,
        653,
        1224
      ],
      "score": 0.98990398645401
    }
  ]
}