{
  "volume": 1,
  "page_index": 22,
  "pdf_page": 23,
  "lines": [
    {
      "text": "N DE EVA",
      "box": [
        1326,
        330,
        1342,
        408
      ],
      "score": 0.8463648557662964
    },
    {
      "text": "Gsazs",
      "box": [
        1266,
        738,
        1324,
        835
      ],
      "score": 0.5420736074447632
    }
  ]
}