{
  "volume": 1,
  "page_index": 242,
  "pdf_page": 243,
  "lines": [
    {
      "text": "ACHAN APEDREADO",
      "box": [
        376,
        123,
        545,
        156
      ],
      "score": 0.9999555349349976
    },
    {
      "text": "8.PISAN.",
      "box": [
        30,
        185,
        125,
        212
      ],
      "score": 0.862234354019165
    },
    {
      "text": "5-Do.s",
      "box": [
        801,
        199,
        898,
        242
      ],
      "score": 0.6598644852638245
    }
  ]
}