{
  "volume": 1,
  "page_index": 40,
  "pdf_page": 41,
  "lines": [
    {
      "text": "MUERTE DE ABEL",
      "box": [
        384,
        77,
        537,
        105
      ],
      "score": 0.9983345866203308
    },
    {
      "text": "SDay",
      "box": [
        786,
        161,
        881,
        206
      ],
      "score": 0.7879163026809692
    },
    {
      "text": "H. PISAN",
      "box": [
        60,
        172,
        136,
        198
      ],
      "score": 0.9330258369445801
    }
  ]
}