{
  "volume": 1,
  "page_index": 10,
  "pdf_page": 11,
  "lines": [
    {
      "text": "LA",
      "box": [
        410,
        413,
        452,
        446
      ],
      "score": 0.9996451139450073
    },
    {
      "text": "SAGRADA BIBLIA",
      "box": [
        89,
        487,
        789,
        585
      ],
      "score": 0.9986157417297363
    },
    {
      "text": "TOMO PRIMERO",
      "box": [
        358,
        674,
        530,
        698
      ],
      "score": 0.9648983478546143
    }
  ]
}