{
  "volume": 1,
  "page_index": 3,
  "pdf_page": 4,
  "lines": [
    {
      "text": "rE",
      "box": [
        261,
        300,
        544,
        436
      ],
      "score": 0.40317755937576294
    },
    {
      "text": "m 156",
      "box": [
        307,
        402,
        526,
        487
      ],
      "score": 0.9181032180786133
    }
  ]
}