{
  "volume": 1,
  "page_index": 130,
  "pdf_page": 131,
  "lines": [
    {
      "text": "G.Dor",
      "box": [
        0,
        1128,
        111,
        1168
      ],
      "score": 0.5467042326927185
    },
    {
      "text": "ISAAC BENDICE À JACOB",
      "box": [
        295,
        1219,
        478,
        1253
      ],
      "score": 0.9731357097625732
    }
  ]
}