{
  "volume": 1,
  "page_index": 137,
  "pdf_page": 138,
  "lines": [
    {
      "text": "福",
      "box": [
        645,
        237,
        762,
        353
      ],
      "score": 0.504799485206604
    },
    {
      "text": "0",
      "box": [
        1054,
        695,
        1141,
        778
      ],
      "score": 0.19015365839004517
    }
  ]
}