{
  "volume": 1,
  "page_index": 182,
  "pdf_page": 183,
  "lines": [
    {
      "text": "snn",
      "box": [
        201,
        331,
        230,
        349
      ],
      "score": 0.28586968779563904
    },
    {
      "text": "SDors",
      "box": [
        108,
        1127,
        187,
        1158
      ],
      "score": 0.5698876976966858
    },
    {
      "text": "MOISÉS ANTE FARAON",
      "box": [
        410,
        1179,
        587,
        1213
      ],
      "score": 0.9971775412559509
    }
  ]
}