{
  "volume": 1,
  "page_index": 64,
  "pdf_page": 65,
  "lines": [
    {
      "text": "BERTRAnD.SC",
      "box": [
        728,
        1106,
        857,
        1144
      ],
      "score": 0.7546253204345703
    },
    {
      "text": "gDons",
      "box": [
        9,
        1138,
        92,
        1169
      ],
      "score": 0.7298261523246765
    },
    {
      "text": "CHAM MALDECIDO POR NOÉ",
      "box": [
        311,
        1193,
        544,
        1227
      ],
      "score": 0.9933096170425415
    }
  ]
}