{
  "volume": 1,
  "page_index": 310,
  "pdf_page": 311,
  "lines": [
    {
      "text": "MUERTE DE SANSON",
      "box": [
        378,
        192,
        552,
        210
      ],
      "score": 0.9999220967292786
    },
    {
      "text": "CLAPTT",
      "box": [
        98,
        224,
        184,
        243
      ],
      "score": 0.4559992253780365
    },
    {
      "text": "SDoe",
      "box": [
        794,
        237,
        865,
        263
      ],
      "score": 0.5257567167282104
    }
  ]
}