{
  "volume": 1,
  "page_index": 146,
  "pdf_page": 147,
  "lines": [
    {
      "text": "ORACION DE JACOB",
      "box": [
        367,
        176,
        525,
        193
      ],
      "score": 0.9992707967758179
    },
    {
      "text": "HPISAN",
      "box": [
        25,
        226,
        120,
        247
      ],
      "score": 0.9820103645324707
    },
    {
      "text": "S'Ders",
      "box": [
        761,
        224,
        842,
        257
      ],
      "score": 0.6010116934776306
    }
  ]
}