{
  "volume": 1,
  "page_index": 262,
  "pdf_page": 263,
  "lines": [
    {
      "text": "AubrTy",
      "box": [
        1279,
        31,
        1312,
        106
      ],
      "score": 0.30023443698883057
    },
    {
      "text": " YISA",
      "box": [
        1299,
        380,
        1341,
        522
      ],
      "score": 0.7746952772140503
    }
  ]
}