{
  "volume": 1,
  "page_index": 326,
  "pdf_page": 327,
  "lines": [
    {
      "text": "GSory",
      "box": [
        104,
        1143,
        180,
        1171
      ],
      "score": 0.7158738970756531
    },
    {
      "text": "PAnnemaker-DOms-f",
      "box": [
        751,
        1148,
        910,
        1177
      ],
      "score": 0.7115926146507263
    },
    {
      "text": "NOEMI Y SUS HIJASTRAS",
      "box": [
        384,
        1221,
        586,
        1246
      ],
      "score": 0.9997166395187378
    }
  ]
}