{
  "volume": 1,
  "page_index": 8,
  "pdf_page": 9,
  "lines": [
    {
      "text": "ILUSTRADAS",
      "box": [
        362,
        30,
        779,
        144
      ],
      "score": 0.9977207183837891
    },
    {
      "text": "OBRAS",
      "box": [
        84,
        9,
        387,
        236
      ],
      "score": 0.9974845051765442
    },
    {
      "text": "GUSTAVO DORÉ",
      "box": [
        381,
        907,
        606,
        945
      ],
      "score": 0.9860555529594421
    },
    {
      "text": "1883",
      "box": [
        427,
        1337,
        468,
        1359
      ],
      "score": 0.9995405673980713
    }
  ]
}