{
  "volume": 2,
  "page_index": 94,
  "pdf_page": 95,
  "lines": [
    {
      "text": "S Day",
      "box": [
        170,
        109,
        258,
        254
      ],
      "score": 0.746289849281311
    },
    {
      "text": "",
      "box": [
        1413,
        167,
        1619,
        200
      ],
      "score": 0.0
    },
    {
      "text": "JUICIO DE SALOMON",
      "box": [
        16,
        577,
        88,
        839
      ],
      "score": 0.9972524046897888
    }
  ]
}