{
  "volume": 2,
  "page_index": 2,
  "pdf_page": 3,
  "lines": [
    {
      "text": "MATEOS",
      "box": [
        367,
        825,
        466,
        858
      ],
      "score": 0.9271256327629089
    },
    {
      "text": "SEVILLA",
      "box": [
        408,
        844,
        527,
        881
      ],
      "score": 0.9735273122787476
    }
  ]
}