{
  "volume": 2,
  "page_index": 264,
  "pdf_page": 265,
  "lines": [
    {
      "text": "SoDors",
      "box": [
        151,
        1687,
        253,
        1731
      ],
      "score": 0.7544432282447815
    },
    {
      "text": "PANNEMAKEN",
      "box": [
        1218,
        1739,
        1320,
        1757
      ],
      "score": 0.8721388578414917
    },
    {
      "text": "JUDIT Y HOLOFERNES",
      "box": [
        607,
        1786,
        870,
        1817
      ],
      "score": 0.9811980724334717
    }
  ]
}