{
  "volume": 2,
  "page_index": 232,
  "pdf_page": 233,
  "lines": [
    {
      "text": "S-Dong",
      "box": [
        152,
        1694,
        303,
        1749
      ],
      "score": 0.6044439673423767
    },
    {
      "text": "H. PISAN.",
      "box": [
        1183,
        1739,
        1333,
        1779
      ],
      "score": 0.9481282830238342
    },
    {
      "text": "ESDRAS ORANDO",
      "box": [
        644,
        1815,
        840,
        1839
      ],
      "score": 0.9998300075531006
    }
  ]
}