{
  "volume": 2,
  "page_index": 300,
  "pdf_page": 301,
  "lines": [
    {
      "text": "MOMMeASck",
      "box": [
        227,
        1455,
        364,
        1485
      ],
      "score": 0.34440210461616516
    },
    {
      "text": "GuSos",
      "box": [
        116,
        1665,
        254,
        1722
      ],
      "score": 0.6167163848876953
    },
    {
      "text": "JOB EN SU ESTERCOLERO",
      "box": [
        565,
        1782,
        875,
        1813
      ],
      "score": 0.9998711943626404
    }
  ]
}