{
  "volume": 2,
  "page_index": 118,
  "pdf_page": 119,
  "lines": [
    {
      "text": "SuDins",
      "box": [
        74,
        1727,
        247,
        1791
      ],
      "score": 0.7903010249137878
    },
    {
      "text": "H.PISAN",
      "box": [
        1219,
        1744,
        1351,
        1772
      ],
      "score": 0.9911795258522034
    },
    {
      "text": "EL PROFETA DE BETHEL",
      "box": [
        551,
        1838,
        876,
        1866
      ],
      "score": 0.999691367149353
    }
  ]
}