{
  "volume": 2,
  "page_index": 276,
  "pdf_page": 277,
  "lines": [
    {
      "text": "[al00",
      "box": [
        1249,
        777,
        1293,
        788
      ],
      "score": 0.3725302815437317
    },
    {
      "text": "HOTELIN",
      "box": [
        1241,
        1763,
        1307,
        1777
      ],
      "score": 0.9064740538597107
    },
    {
      "text": "TRIUNFO DE MARDOQUEO",
      "box": [
        569,
        1807,
        873,
        1838
      ],
      "score": 0.9998704195022583
    }
  ]
}