{
  "volume": 2,
  "page_index": 184,
  "pdf_page": 185,
  "lines": [
    {
      "text": "HUREL",
      "box": [
        1991,
        96,
        2018,
        154
      ],
      "score": 0.9903312921524048
    },
    {
      "text": "MUERTE DE ATALÍA",
      "box": [
        1994,
        540,
        2065,
        797
      ],
      "score": 0.9999788999557495
    },
    {
      "text": "Dnus",
      "box": [
        1847,
        1166,
        1879,
        1252
      ],
      "score": 0.4846285581588745
    }
  ]
}