{
  "volume": 2,
  "page_index": 6,
  "pdf_page": 7,
  "lines": [
    {
      "text": "LA",
      "box": [
        615,
        716,
        676,
        762
      ],
      "score": 0.9979609251022339
    },
    {
      "text": "SAGRADA BIBLIA",
      "box": [
        115,
        821,
        1187,
        961
      ],
      "score": 0.9729185104370117
    },
    {
      "text": "TOMO SEGUNDO",
      "box": [
        513,
        1084,
        780,
        1132
      ],
      "score": 0.9968225359916687
    }
  ]
}