{
  "volume": 2,
  "page_index": 214,
  "pdf_page": 215,
  "lines": [
    {
      "text": "福",
      "box": [
        725,
        1461,
        855,
        1561
      ],
      "score": 0.6340034008026123
    },
    {
      "text": "noS",
      "box": [
        146,
        1706,
        270,
        1750
      ],
      "score": 0.6235117316246033
    },
    {
      "text": "IR M",
      "box": [
        362,
        1796,
        1100,
        1831
      ],
      "score": 0.6918182373046875
    }
  ]
}