{
  "volume": 2,
  "page_index": 250,
  "pdf_page": 251,
  "lines": [
    {
      "text": "SDong",
      "box": [
        147,
        1671,
        252,
        1723
      ],
      "score": 0.8192928433418274
    },
    {
      "text": "TOBIAS Y EL ÁNGEL",
      "box": [
        603,
        1788,
        848,
        1817
      ],
      "score": 0.9992687106132507
    }
  ]
}