{
  "volume": 2,
  "page_index": 106,
  "pdf_page": 107,
  "lines": [
    {
      "text": "SALOMON",
      "box": [
        640,
        351,
        765,
        385
      ],
      "score": 0.9999852776527405
    },
    {
      "text": "eDorg",
      "box": [
        1172,
        425,
        1329,
        482
      ],
      "score": 0.7565246820449829
    }
  ]
}