{
  "volume": 2,
  "page_index": 40,
  "pdf_page": 41,
  "lines": [
    {
      "text": "",
      "box": [
        167,
        1522,
        397,
        1639
      ],
      "score": 0.0
    },
    {
      "text": "Dos",
      "box": [
        90,
        1683,
        206,
        1726
      ],
      "score": 0.2986370921134949
    },
    {
      "text": "SAUL ANTE LA PITONISA",
      "box": [
        494,
        1782,
        820,
        1819
      ],
      "score": 0.9998173713684082
    }
  ]
}