{
  "volume": 2,
  "page_index": 16,
  "pdf_page": 17,
  "lines": [
    {
      "text": "gBong",
      "box": [
        53,
        1730,
        211,
        1800
      ],
      "score": 0.7358439564704895
    },
    {
      "text": "LGOEBE",
      "box": [
        1209,
        1764,
        1333,
        1800
      ],
      "score": 0.8256875872612
    },
    {
      "text": "SAMUEL MANDA DAR MUERTE Á AGAG",
      "box": [
        448,
        1870,
        935,
        1908
      ],
      "score": 0.9812888503074646
    }
  ]
}