{
  "volume": 2,
  "page_index": 10,
  "pdf_page": 11,
  "lines": [
    {
      "text": "20g5",
      "box": [
        112,
        1225,
        258,
        1283
      ],
      "score": 0.7034868001937866
    },
    {
      "text": "U RC",
      "box": [
        891,
        1323,
        1164,
        1356
      ],
      "score": 0.5933192372322083
    }
  ]
}