{
  "volume": 2,
  "page_index": 239,
  "pdf_page": 240,
  "lines": [
    {
      "text": "店",
      "box": [
        1088,
        326,
        1206,
        410
      ],
      "score": 0.20144768059253693
    },
    {
      "text": "重",
      "box": [
        311,
        871,
        491,
        1057
      ],
      "score": 0.1605345755815506
    },
    {
      "text": "Nz",
      "box": [
        838,
        934,
        956,
        1023
      ],
      "score": 0.4759259819984436
    }
  ]
}