{
  "volume": 2,
  "page_index": 288,
  "pdf_page": 289,
  "lines": [
    {
      "text": "GuBorg",
      "box": [
        115,
        1698,
        222,
        1742
      ],
      "score": 0.7913937568664551
    },
    {
      "text": "EHUVOT.sc",
      "box": [
        1060,
        1729,
        1177,
        1759
      ],
      "score": 0.8804606199264526
    },
    {
      "text": "DESMAYO DE ESTER",
      "box": [
        588,
        1805,
        828,
        1833
      ],
      "score": 0.9998667240142822
    }
  ]
}