{
  "volume": 2,
  "page_index": 46,
  "pdf_page": 47,
  "lines": [
    {
      "text": "HUREL",
      "box": [
        741,
        1796,
        807,
        1813
      ],
      "score": 0.9851335287094116
    },
    {
      "text": "MUERTE DE SAUL",
      "box": [
        513,
        1857,
        721,
        1892
      ],
      "score": 0.9997903108596802
    }
  ]
}