{
  "volume": 2,
  "page_index": 76,
  "pdf_page": 77,
  "lines": [
    {
      "text": "NCL",
      "box": [
        302,
        353,
        924,
        554
      ],
      "score": 0.32246190309524536
    },
    {
      "text": "L",
      "box": [
        739,
        528,
        897,
        585
      ],
      "score": 0.5822760462760925
    },
    {
      "text": "ETTC2",
      "box": [
        1165,
        1774,
        1340,
        1800
      ],
      "score": 0.5516699552536011
    },
    {
      "text": "DAVID INCONSOLABLE POR LA MUERTE DE ABSALON",
      "box": [
        364,
        1857,
        1033,
        1902
      ],
      "score": 0.9992074966430664
    }
  ]
}