{
  "volume": 2,
  "page_index": 125,
  "pdf_page": 126,
  "lines": [
    {
      "text": "07",
      "box": [
        28,
        1206,
        302,
        1327
      ],
      "score": 0.29766032099723816
    },
    {
      "text": "7",
      "box": [
        1202,
        1842,
        1290,
        1908
      ],
      "score": 0.4410182535648346
    }
  ]
}