{
  "volume": 2,
  "page_index": 1,
  "pdf_page": 2,
  "lines": [
    {
      "text": "157",
      "box": [
        593,
        1507,
        777,
        1642
      ],
      "score": 0.9998425841331482
    },
    {
      "text": "Iul I",
      "box": [
        599,
        1581,
        937,
        1763
      ],
      "score": 0.7243738770484924
    }
  ]
}