{
  "volume": 2,
  "page_index": 70,
  "pdf_page": 71,
  "lines": [
    {
      "text": "SD5",
      "box": [
        0,
        1773,
        129,
        1847
      ],
      "score": 0.3689327538013458
    },
    {
      "text": "JO20FTSC",
      "box": [
        1221,
        1842,
        1361,
        1886
      ],
      "score": 0.5473121404647827
    },
    {
      "text": "UE EON",
      "box": [
        539,
        1924,
        828,
        1974
      ],
      "score": 0.6403772234916687
    }
  ]
}