{
  "volume": 3,
  "page_index": 421,
  "pdf_page": 422,
  "lines": [
    {
      "text": "中",
      "box": [
        381,
        43,
        528,
        169
      ],
      "score": 0.1852225363254547
    },
    {
      "text": "4",
      "box": [
        184,
        652,
        364,
        750
      ],
      "score": 0.4119846820831299
    }
  ]
}