{
  "volume": 3,
  "page_index": 8,
  "pdf_page": 9,
  "lines": [
    {
      "text": "LA",
      "box": [
        427,
        485,
        466,
        513
      ],
      "score": 0.9996442794799805
    },
    {
      "text": "SAGRADA BIBLIA",
      "box": [
        86,
        553,
        824,
        649
      ],
      "score": 0.9951291084289551
    },
    {
      "text": "TOMO TERCERO",
      "box": [
        359,
        739,
        543,
        763
      ],
      "score": 0.9996214509010315
    }
  ]
}