{
  "volume": 3,
  "page_index": 130,
  "pdf_page": 131,
  "lines": [
    {
      "text": "Sbory",
      "box": [
        18,
        1163,
        103,
        1198
      ],
      "score": 0.7491620779037476
    },
    {
      "text": "C.LAPLANTY",
      "box": [
        721,
        1154,
        834,
        1192
      ],
      "score": 0.9304075241088867
    },
    {
      "text": "DANIEL",
      "box": [
        414,
        1221,
        481,
        1242
      ],
      "score": 0.9998525977134705
    }
  ]
}