{
  "volume": 3,
  "page_index": 393,
  "pdf_page": 394,
  "lines": [
    {
      "text": "福",
      "box": [
        152,
        468,
        208,
        523
      ],
      "score": 0.09358538687229156
    },
    {
      "text": "心",
      "box": [
        350,
        606,
        413,
        665
      ],
      "score": 0.22333265841007233
    }
  ]
}