{
  "volume": 3,
  "page_index": 3,
  "pdf_page": 4,
  "lines": [
    {
      "text": "Im I",
      "box": [
        340,
        233,
        586,
        352
      ],
      "score": 0.6156591176986694
    },
    {
      "text": "we158",
      "box": [
        358,
        330,
        579,
        407
      ],
      "score": 0.8014971613883972
    }
  ]
}