{
  "volume": 3,
  "page_index": 36,
  "pdf_page": 37,
  "lines": [
    {
      "text": "FLog:5",
      "box": [
        112,
        816,
        215,
        851
      ],
      "score": 0.5332579612731934
    },
    {
      "text": "AIAI",
      "box": [
        403,
        887,
        949,
        921
      ],
      "score": 0.3337365388870239
    }
  ]
}