{
  "volume": 3,
  "page_index": 26,
  "pdf_page": 27,
  "lines": [
    {
      "text": "SPory",
      "box": [
        0,
        1127,
        94,
        1163
      ],
      "score": 0.7914819121360779
    },
    {
      "text": "PISAN",
      "box": [
        814,
        1143,
        873,
        1160
      ],
      "score": 0.9996663331985474
    },
    {
      "text": "ISAÍAS",
      "box": [
        398,
        1203,
        459,
        1224
      ],
      "score": 0.9972500801086426
    }
  ]
}