{
  "volume": 3,
  "page_index": 102,
  "pdf_page": 103,
  "lines": [
    {
      "text": "SDona",
      "box": [
        24,
        1128,
        102,
        1155
      ],
      "score": 0.8945563435554504
    },
    {
      "text": "C.LAPLANTE",
      "box": [
        755,
        1121,
        853,
        1148
      ],
      "score": 0.9717922210693359
    },
    {
      "text": "EZEQUIEL PROFETIZANDO",
      "box": [
        349,
        1190,
        565,
        1207
      ],
      "score": 0.9996866583824158
    }
  ]
}