{
  "volume": 3,
  "page_index": 88,
  "pdf_page": 89,
  "lines": [
    {
      "text": "GUZAPLN",
      "box": [
        746,
        1119,
        850,
        1142
      ],
      "score": 0.6428477168083191
    },
    {
      "text": "BARUCH",
      "box": [
        421,
        1182,
        495,
        1201
      ],
      "score": 0.9999460577964783
    }
  ]
}