{
  "volume": 3,
  "page_index": 328,
  "pdf_page": 329,
  "lines": [
    {
      "text": "AWWAA",
      "box": [
        377,
        531,
        451,
        567
      ],
      "score": 0.7665665745735168
    },
    {
      "text": "E",
      "box": [
        157,
        631,
        176,
        675
      ],
      "score": 0.2531680166721344
    },
    {
      "text": "JONATÁS DESTRUYE EL TEMPLO DE DAGON",
      "box": [
        310,
        1200,
        655,
        1220
      ],
      "score": 0.9998034834861755
    }
  ]
}