{
  "volume": 3,
  "page_index": 144,
  "pdf_page": 145,
  "lines": [
    {
      "text": "SPoy",
      "box": [
        31,
        1094,
        119,
        1133
      ],
      "score": 0.691497802734375
    },
    {
      "text": "H.PISAN.",
      "box": [
        782,
        1110,
        858,
        1130
      ],
      "score": 0.9570063352584839
    },
    {
      "text": "LOS TRES JÓVENES EN EL HORNO",
      "box": [
        285,
        1175,
        569,
        1201
      ],
      "score": 0.9865347743034363
    }
  ]
}