{
  "volume": 3,
  "page_index": 317,
  "pdf_page": 318,
  "lines": [
    {
      "text": "e",
      "box": [
        5,
        499,
        86,
        596
      ],
      "score": 0.14113599061965942
    },
    {
      "text": "中",
      "box": [
        521,
        1240,
        620,
        1338
      ],
      "score": 0.13595405220985413
    }
  ]
}