{
  "volume": 3,
  "page_index": 0,
  "pdf_page": 1,
  "lines": [
    {
      "text": "金如",
      "box": [
        418,
        447,
        589,
        511
      ],
      "score": 0.559119701385498
    },
    {
      "text": "1",
      "box": [
        2,
        468,
        89,
        549
      ],
      "score": 0.4921729266643524
    }
  ]
}