{
  "volume": 3,
  "page_index": 278,
  "pdf_page": 279,
  "lines": [
    {
      "text": "guSori",
      "box": [
        98,
        1137,
        197,
        1168
      ],
      "score": 0.7447589039802551
    },
    {
      "text": "HoMS",
      "box": [
        796,
        1161,
        837,
        1176
      ],
      "score": 0.7526476979255676
    },
    {
      "text": "MATATÍAS DA MUERTE AL PROFANADOR",
      "box": [
        308,
        1190,
        632,
        1216
      ],
      "score": 0.9894719123840332
    }
  ]
}