{
  "volume": 4,
  "page_index": 282,
  "pdf_page": 283,
  "lines": [
    {
      "text": "founard",
      "box": [
        707,
        1130,
        766,
        1144
      ],
      "score": 0.9098524451255798
    },
    {
      "text": "ENTIERRO DE CRISTO",
      "box": [
        393,
        1164,
        571,
        1185
      ],
      "score": 0.9842526912689209
    }
  ]
}