{
  "volume": 4,
  "page_index": 234,
  "pdf_page": 235,
  "lines": [
    {
      "text": "Sborg",
      "box": [
        109,
        1097,
        182,
        1134
      ],
      "score": 0.9099087715148926
    },
    {
      "text": "Prnnemnker-Doms fc",
      "box": [
        781,
        1101,
        918,
        1120
      ],
      "score": 0.7413808107376099
    },
    {
      "text": "LOS AZOTES",
      "box": [
        457,
        1153,
        562,
        1172
      ],
      "score": 0.9990733861923218
    }
  ]
}