{
  "volume": 4,
  "page_index": 73,
  "pdf_page": 74,
  "lines": [
    {
      "text": "*",
      "box": [
        220,
        470,
        348,
        583
      ],
      "score": 0.12400876730680466
    },
    {
      "text": "合",
      "box": [
        869,
        815,
        996,
        928
      ],
      "score": 0.1955721229314804
    }
  ]
}