{
  "volume": 4,
  "page_index": 246,
  "pdf_page": 247,
  "lines": [
    {
      "text": "93.5",
      "box": [
        115,
        1116,
        211,
        1157
      ],
      "score": 0.5663437843322754
    },
    {
      "text": "Jonnaad",
      "box": [
        792,
        1145,
        877,
        1165
      ],
      "score": 0.9075464606285095
    },
    {
      "text": "JESÚS PRESENTADO AL PUEBLO",
      "box": [
        360,
        1176,
        623,
        1201
      ],
      "score": 0.9967602491378784
    }
  ]
}