{
  "volume": 4,
  "page_index": 8,
  "pdf_page": 9,
  "lines": [
    {
      "text": "LA",
      "box": [
        411,
        492,
        454,
        527
      ],
      "score": 0.9989019632339478
    },
    {
      "text": "SAGRADA BIBLIA",
      "box": [
        86,
        566,
        801,
        648
      ],
      "score": 0.9973184466362
    },
    {
      "text": "TOMO CUARTO",
      "box": [
        348,
        737,
        521,
        764
      ],
      "score": 0.9991827607154846
    }
  ]
}