{
  "volume": 4,
  "page_index": 266,
  "pdf_page": 267,
  "lines": [
    {
      "text": "Gbors",
      "box": [
        124,
        1095,
        210,
        1124
      ],
      "score": 0.6829085350036621
    },
    {
      "text": "H. P1SAN",
      "box": [
        814,
        1105,
        892,
        1126
      ],
      "score": 0.9059890508651733
    },
    {
      "text": "MUERTE DE JESUCRISTO",
      "box": [
        400,
        1151,
        599,
        1170
      ],
      "score": 0.997897744178772
    }
  ]
}