{
  "volume": 4,
  "page_index": 286,
  "pdf_page": 287,
  "lines": [
    {
      "text": "sDon",
      "box": [
        109,
        1082,
        213,
        1118
      ],
      "score": 0.6063124537467957
    },
    {
      "text": "H.PISAN",
      "box": [
        806,
        1122,
        877,
        1139
      ],
      "score": 0.9898806810379028
    },
    {
      "text": "EL ÁNGEL Y LAS SANTAS MUJERES",
      "box": [
        332,
        1149,
        613,
        1182
      ],
      "score": 0.9882021546363831
    }
  ]
}