{
  "volume": 4,
  "page_index": 310,
  "pdf_page": 311,
  "lines": [
    {
      "text": "9Sory",
      "box": [
        111,
        1119,
        180,
        1148
      ],
      "score": 0.8015924692153931
    },
    {
      "text": "PANNEMAKER",
      "box": [
        774,
        1165,
        879,
        1181
      ],
      "score": 0.9706652760505676
    },
    {
      "text": "MARTIRIO DE SAN ESTEBAN",
      "box": [
        375,
        1180,
        604,
        1215
      ],
      "score": 0.9996206164360046
    }
  ]
}