{
  "volume": 4,
  "page_index": 214,
  "pdf_page": 215,
  "lines": [
    {
      "text": "GDone",
      "box": [
        105,
        1104,
        208,
        1136
      ],
      "score": 0.8927717208862305
    },
    {
      "text": "HPA2,S",
      "box": [
        802,
        1126,
        889,
        1140
      ],
      "score": 0.48085248470306396
    },
    {
      "text": "LA CENA",
      "box": [
        471,
        1167,
        544,
        1183
      ],
      "score": 0.9996139407157898
    }
  ]
}