{
  "volume": 4,
  "page_index": 67,
  "pdf_page": 68,
  "lines": [
    {
      "text": "R",
      "box": [
        68,
        41,
        234,
        144
      ],
      "score": 0.147897869348526
    },
    {
      "text": "V",
      "box": [
        963,
        193,
        1134,
        328
      ],
      "score": 0.19958430528640747
    }
  ]
}