{
  "volume": 4,
  "page_index": 18,
  "pdf_page": 19,
  "lines": [
    {
      "text": "D.Paers",
      "box": [
        819,
        1151,
        870,
        1162
      ],
      "score": 0.4972509443759918
    },
    {
      "text": "LA NATIVIDAD",
      "box": [
        435,
        1195,
        549,
        1214
      ],
      "score": 0.9948225617408752
    }
  ]
}