{
  "volume": 4,
  "page_index": 79,
  "pdf_page": 80,
  "lines": [
    {
      "text": "日",
      "box": [
        672,
        175,
        801,
        304
      ],
      "score": 0.2584414482116699
    },
    {
      "text": "金",
      "box": [
        843,
        579,
        924,
        650
      ],
      "score": 0.13915413618087769
    }
  ]
}