{
  "volume": 4,
  "page_index": 3,
  "pdf_page": 4,
  "lines": [
    {
      "text": "rLE",
      "box": [
        283,
        306,
        500,
        409
      ],
      "score": 0.41405272483825684
    },
    {
      "text": "we159",
      "box": [
        289,
        383,
        496,
        468
      ],
      "score": 0.7986809015274048
    }
  ]
}