{
  "volume": 4,
  "page_index": 206,
  "pdf_page": 207,
  "lines": [
    {
      "text": "T.GAUCHARS.JO.",
      "box": [
        749,
        1139,
        866,
        1159
      ],
      "score": 0.7088980078697205
    },
    {
      "text": "EL DINERO DE CÉSAR",
      "box": [
        384,
        1178,
        561,
        1203
      ],
      "score": 0.9939117431640625
    }
  ]
}