{
  "volume": 4,
  "page_index": 242,
  "pdf_page": 243,
  "lines": [
    {
      "text": "SDoy",
      "box": [
        88,
        1148,
        179,
        1177
      ],
      "score": 0.7373026013374329
    },
    {
      "text": "AnneMareR-Dams",
      "box": [
        776,
        1160,
        915,
        1181
      ],
      "score": 0.6908795237541199
    },
    {
      "text": "JESUS INSULTADO",
      "box": [
        424,
        1202,
        571,
        1218
      ],
      "score": 0.9996593594551086
    }
  ]
}