{
  "volume": 4,
  "page_index": 354,
  "pdf_page": 355,
  "lines": [
    {
      "text": "PISAN",
      "box": [
        1285,
        48,
        1311,
        114
      ],
      "score": 0.8629809617996216
    },
    {
      "text": "(LA MUERTE) VISION DE SAN JUAN",
      "box": [
        1291,
        325,
        1351,
        621
      ],
      "score": 0.9988341927528381
    },
    {
      "text": "TvoJ.n5",
      "box": [
        1160,
        746,
        1247,
        871
      ],
      "score": 0.5517256259918213
    }
  ]
}