{
  "volume": 4,
  "page_index": 66,
  "pdf_page": 67,
  "lines": [
    {
      "text": "SnSoy",
      "box": [
        103,
        1134,
        189,
        1159
      ],
      "score": 0.7559338212013245
    },
    {
      "text": "LAS BODAS DE CANAAN",
      "box": [
        410,
        1187,
        606,
        1206
      ],
      "score": 0.9996288418769836
    }
  ]
}