{
  "volume": 4,
  "page_index": 226,
  "pdf_page": 227,
  "lines": [
    {
      "text": "gbot",
      "box": [
        108,
        1111,
        175,
        1134
      ],
      "score": 0.8413442373275757
    },
    {
      "text": "EL BESO DE JUDAS",
      "box": [
        418,
        1174,
        569,
        1193
      ],
      "score": 0.9871355295181274
    }
  ]
}