{
  "volume": 4,
  "page_index": 154,
  "pdf_page": 155,
  "lines": [
    {
      "text": "CHAPON",
      "box": [
        795,
        1117,
        866,
        1134
      ],
      "score": 0.9390290379524231
    },
    {
      "text": "CURA DEL LUNÁTICO",
      "box": [
        449,
        1168,
        622,
        1182
      ],
      "score": 0.9993355870246887
    }
  ]
}