{
  "volume": 4,
  "page_index": 42,
  "pdf_page": 43,
  "lines": [
    {
      "text": "GDoe",
      "box": [
        52,
        1116,
        152,
        1152
      ],
      "score": 0.8449894189834595
    },
    {
      "text": "ABERTRANO.SC",
      "box": [
        612,
        1128,
        727,
        1146
      ],
      "score": 0.8970873951911926
    },
    {
      "text": "JESÚS ENTRE LOS DOCTORES",
      "box": [
        343,
        1174,
        590,
        1194
      ],
      "score": 0.9993507862091064
    }
  ]
}